{
  "timestamp": "2026-01-24_15-10-37",
  "config": {
    "sampling_freq": 40,
    "low_threshold": 0.5,
    "high_threshold": 5.0,
    "filter_order": 4,
    "d": 12,
    "p": 0.1,
    "hz": 40,
    "hrv_window_size": 200,
    "hrv_overlap": 180,
    "samp_en_m": 2,
    "samp_en_r": 0.2,
    "scales": 10,
    "dfa_min_scale": 4,
    "dfa_num_scales": 20,
    "wavelet_num_scales": 12,
    "input_dims": "{'comprehensive_features': 146}",
    "embedding_dim": 16,
    "tcn_channels": [
      16,
      32
    ],
    "tcn_kernel_size": 3,
    "dropout": 0.5,
    "num_classes": 2,
    "batch_size": 32,
    "epochs": 100,
    "learning_rate": 0.0003,
    "weight_decay": 0.05,
    "group_lasso_lambda": 0.01,
    "early_stopping_patience": 20,
    "train_ratio": 0.6,
    "val_ratio": 0.2,
    "test_ratio": 0.2,
    "device": "cpu"
  },
  "training_history": {
    "train_loss": [
      0.9498628597557102,
      0.9103824252713842,
      0.8701559306076696,
      0.8194797978712935,
      0.7617301704447833,
      0.7006296803302964,
      0.638699229812197,
      0.5807583525577591,
      0.500352097345851,
      0.44289313037540723,
      0.3752952338062105,
      0.35327522188735044,
      0.3211866301909244,
      0.30689737609245804,
      0.27412390655783986,
      0.2750577193755452,
      0.2445386330781153,
      0.2479203140908329,
      0.30981017861731164,
      0.24998062578919739,
      0.21824983400009007,
      0.229889563219774,
      0.21489232047883045,
      0.22357636950301202,
      0.19342335420944362,
      0.18433013252836458,
      0.27283001743135266,
      0.2563922958335055,
      0.24744592214011507,
      0.21410026867357795,
      0.19393371630122366,
      0.20265759249808707,
      0.17849272831632337,
      0.19029673268633823,
      0.19902355134221456,
      0.16051046494920398,
      0.19444253196023725,
      0.17332193610793944,
      0.1816298223998713,
      0.18087191443563747,
      0.21031265795496562,
      0.18772572232479504,
      0.17193440491829018,
      0.17652063088333803,
      0.19203730713559472,
      0.1822827813972513,
      0.1566894597541347,
      0.15545100460789357,
      0.1644649066772716
    ],
    "train_acc": [
      0.5527488855869243,
      0.563150074294205,
      0.6106983655274889,
      0.7325408618127786,
      0.8216939078751857,
      0.8528974739970282,
      0.8632986627043091,
      0.8588410104011887,
      0.888558692421991,
      0.8841010401188707,
      0.9182763744427934,
      0.9004457652303121,
      0.9316493313521546,
      0.9331352154531947,
      0.9494799405646359,
      0.9435364041604755,
      0.9435364041604755,
      0.9554234769687965,
      0.9197622585438335,
      0.9450222882615156,
      0.9583952451708767,
      0.9450222882615156,
      0.9554234769687965,
      0.9569093610698366,
      0.9643387815750372,
      0.9717682020802377,
      0.9301634472511144,
      0.9435364041604755,
      0.9316493313521546,
      0.9554234769687965,
      0.9583952451708767,
      0.9539375928677564,
      0.9658246656760773,
      0.9598811292719168,
      0.9569093610698366,
      0.9881129271916791,
      0.9687964338781575,
      0.9791976225854383,
      0.9702823179791976,
      0.9717682020802377,
      0.9732540861812778,
      0.9762258543833581,
      0.9777117384843982,
      0.9821693907875185,
      0.9643387815750372,
      0.9836552748885586,
      0.986627043090639,
      0.9777117384843982,
      0.9791976225854383
    ],
    "val_loss": [
      0.6854611931984395,
      0.6841888140933783,
      0.6767095087961172,
      0.654949194966001,
      0.6316477454357068,
      0.599432543730636,
      0.5941259486904703,
      0.55060404090203,
      0.513960140644257,
      0.4961273514326646,
      0.4655532324413874,
      0.5090510148134192,
      0.5034999990812405,
      0.41624669724428504,
      0.39255749817672636,
      0.38125193131518664,
      0.4508982009593413,
      0.3996830577630877,
      0.5339040105936418,
      0.3743603317745061,
      0.4549791606213258,
      0.441848562539372,
      0.4335470560579619,
      0.3912152138901056,
      0.4287642474640862,
      0.43365245187756407,
      0.481338545804742,
      0.4285891100639579,
      0.39266046161556845,
      0.4186269229114305,
      0.4326065961723547,
      0.4408399148777938,
      0.4129010988516289,
      0.39517520988461363,
      0.40116079631709656,
      0.41652998694503157,
      0.5119393370640328,
      0.5743755531111522,
      0.4568513958212222,
      0.42157209200090945,
      0.4438974311162238,
      0.4172714436777466,
      0.3788981791507749,
      0.4313563481752593,
      0.3598404826136563,
      0.34944251185929925,
      0.36596240368223587,
      0.45117808546418925,
      0.45027411884967256
    ],
    "val_acc": [
      0.5857740585774058,
      0.5857740585774058,
      0.5983263598326359,
      0.7866108786610879,
      0.7907949790794979,
      0.7740585774058577,
      0.7531380753138075,
      0.7698744769874477,
      0.7615062761506276,
      0.7656903765690377,
      0.7907949790794979,
      0.7573221757322176,
      0.7615062761506276,
      0.7824267782426778,
      0.8284518828451883,
      0.8326359832635983,
      0.7740585774058577,
      0.8326359832635983,
      0.7782426778242678,
      0.8410041841004184,
      0.8075313807531381,
      0.8451882845188284,
      0.8410041841004184,
      0.8577405857740585,
      0.8451882845188284,
      0.8577405857740585,
      0.8535564853556485,
      0.8577405857740585,
      0.8619246861924686,
      0.8368200836820083,
      0.8368200836820083,
      0.8242677824267782,
      0.8451882845188284,
      0.8410041841004184,
      0.8326359832635983,
      0.8284518828451883,
      0.8117154811715481,
      0.7782426778242678,
      0.8200836820083682,
      0.8158995815899581,
      0.8200836820083682,
      0.8242677824267782,
      0.8451882845188284,
      0.8158995815899581,
      0.8410041841004184,
      0.8535564853556485,
      0.8451882845188284,
      0.8158995815899581,
      0.8242677824267782
    ]
  },
  "test_metrics": {
    "accuracy": 0.8632478632478633,
    "loss": 0.4244456153967951,
    "precision": 0.7627118644067796,
    "recall": 0.9574468085106383,
    "f1": 0.8490566037735849,
    "confusion_matrix": [
      [
        112,
        28
      ],
      [
        4,
        90
      ]
    ]
  },
  "dataset_stats": {
    "train_windows": 673,
    "val_windows": 239,
    "test_windows": 234,
    "file_stats": [
      {
        "filename": "Values.csv",
        "label": 0,
        "hrv_length": 969,
        "num_windows": 39,
        "num_rr_intervals": 969
      },
      {
        "filename": "Values.csv",
        "label": 0,
        "hrv_length": 621,
        "num_windows": 22,
        "num_rr_intervals": 621
      },
      {
        "filename": "Values.csv",
        "label": 0,
        "hrv_length": 601,
        "num_windows": 21,
        "num_rr_intervals": 601
      },
      {
        "filename": "Values.csv",
        "label": 0,
        "hrv_length": 824,
        "num_windows": 32,
        "num_rr_intervals": 824
      },
      {
        "filename": "Values.csv",
        "label": 0,
        "hrv_length": 927,
        "num_windows": 37,
        "num_rr_intervals": 927
      },
      {
        "filename": "Values.csv",
        "label": 0,
        "hrv_length": 894,
        "num_windows": 35,
        "num_rr_intervals": 894
      },
      {
        "filename": "Values.csv",
        "label": 0,
        "hrv_length": 942,
        "num_windows": 38,
        "num_rr_intervals": 942
      },
      {
        "filename": "Values.csv",
        "label": 0,
        "hrv_length": 880,
        "num_windows": 35,
        "num_rr_intervals": 880
      },
      {
        "filename": "Values.csv",
        "label": 0,
        "hrv_length": 863,
        "num_windows": 34,
        "num_rr_intervals": 863
      },
      {
        "filename": "Values.csv",
        "label": 0,